origin,username,password
org3,asdsd,asdsdsd
org4,asdsd,asdsdsd
org5,asdsd,asdsdsd
org6,asdsd,asdsdsd
org7,asdsd,asdsdsd
org8,asdsd,asdsdsd
org9,asdsd,asdsdsd
org10,asdsd,asdsdsd
org11,asdsd,asdsdsd
org12,asdsd,asdsdsd
org13,asdsd,asdsdsd
org14,asdsd,asdsdsd
org15,asdsd,asdsdsd
org16,asdsd,asdsdsd
org17,asdsd,asdsdsd
org18,asdsd,asdsdsd
org19,asdsd,asdsdsd
org20,asdsd,asdsdsd
org21,asdsd,asdsdsd
org22,asdsd,asdsdsd
org23,asdsd,asdsdsd
org24,asdsd,asdsdsd
org25,asdsd,asdsdsd
org26,asdsd,asdsdsd
org27,asdsd,asdsdsd
org28,asdsd,asdsdsd
org29,asdsd,asdsdsd
org30,asdsd,asdsdsd
org31,asdsd,asdsdsd
org32,asdsd,asdsdsd
org33,asdsd,asdsdsd
org34,asdsd,asdsdsd
org35,asdsd,asdsdsd
org36,asdsd,asdsdsd
org37,asdsd,asdsdsd
org38,asdsd,asdsdsd
org39,asdsd,asdsdsd
org40,asdsd,asdsdsd
org41,asdsd,asdsdsd
org42,asdsd,asdsdsd
org43,asdsd,asdsdsd
org44,asdsd,asdsdsd
org45,asdsd,asdsdsd
org46,asdsd,asdsdsd
org47,asdsd,asdsdsd
org48,asdsd,asdsdsd
org49,asdsd,asdsdsd
org50,asdsd,asdsdsd
org51,asdsd,asdsdsd
org52,asdsd,asdsdsd
org53,asdsd,asdsdsd
org54,asdsd,asdsdsd
org55,asdsd,asdsdsd
org56,asdsd,asdsdsd
org57,asdsd,asdsdsd
org58,asdsd,asdsdsd
org59,asdsd,asdsdsd
org60,asdsd,asdsdsd
org61,asdsd,asdsdsd
org62,asdsd,asdsdsd
org63,asdsd,asdsdsd
org64,asdsd,asdsdsd
org65,asdsd,asdsdsd
org66,asdsd,asdsdsd
org67,asdsd,asdsdsd
org68,asdsd,asdsdsd
org69,asdsd,asdsdsd
org70,asdsd,asdsdsd
org71,asdsd,asdsdsd
org72,asdsd,asdsdsd
org73,asdsd,asdsdsd
org74,asdsd,asdsdsd
org75,asdsd,asdsdsd
org76,asdsd,asdsdsd
org77,asdsd,asdsdsd
org78,asdsd,asdsdsd
org79,asdsd,asdsdsd
org80,asdsd,asdsdsd
org81,asdsd,asdsdsd
org82,asdsd,asdsdsd
org83,asdsd,asdsdsd
org84,asdsd,asdsdsd
org85,asdsd,asdsdsd
org86,asdsd,asdsdsd
org87,asdsd,asdsdsd
org88,asdsd,asdsdsd
org89,asdsd,asdsdsd
org90,asdsd,asdsdsd
org91,asdsd,asdsdsd
org92,asdsd,asdsdsd
org93,asdsd,asdsdsd
org94,asdsd,asdsdsd
org95,asdsd,asdsdsd
org96,asdsd,asdsdsd
org97,asdsd,asdsdsd
org98,asdsd,asdsdsd
org99,asdsd,asdsdsd
org100,asdsd,asdsdsd
org101,asdsd,asdsdsd
org102,asdsd,asdsdsd
org103,asdsd,asdsdsd
org104,asdsd,asdsdsd
